EmpId,FirstNme,LstName,Dept,Positon,Slary,HireDat,BrthDate,Phne,Emil
45,John,Smith,IT,Consultant,72572,2016-10-11,1990-03-24,555-4321,bob.johnson@example.com
48,John,Smith,Sales,Consultant,57951,2018-03-27,1977-01-26,555-8765,john.doe@example.com
65,Jane,Smith,Finance,Manager,93005,2016-11-24,1989-12-05,555-8765,john.doe@example.com
68,Bob,Doe,HR,Developer,68007,2016-07-08,1974-02-01,555-3456,jane.smith@example.com
68,John,Williams,IT,Developer,56091,2020-09-14,1980-04-25,555-5678,jane.smith@example.com
10,Alice,Doe,HR,Developer,84381,2015-12-22,1973-02-28,555-1234,jane.smith@example.com
84,Jane,Brown,Finance,Coordinator,91470,2019-09-17,1991-06-13,555-8765,jane.smith@example.com
22,Jane,Smith,HR,Consultant,57581,2019-09-27,1996-12-23,555-8765,david.brown@example.com
37,David,Brown,HR,Consultant,72111,2015-03-23,1974-07-23,555-5678,john.doe@example.com
88,John,Doe,Marketing,Analyst,78782,2020-09-17,1979-05-17,555-4321,jane.smith@example.com
71,John,Williams,IT,Analyst,66082,2016-07-03,1970-07-04,555-4321,bob.johnson@example.com
89,Alice,Johnson,Sales,Coordinator,90580,2015-12-29,1989-12-05,555-3456,david.brown@example.com
89,Bob,Smith,HR,Coordinator,79212,2016-07-06,1983-11-23,555-5678,john.doe@example.com
13,Alice,Brown,HR,Consultant,76673,2020-03-18,1998-07-23,555-8765,david.brown@example.com
59,Bob,Brown,Sales,Analyst,55041,2019-07-27,1991-02-26,555-4321,alice.williams@example.com
66,David,Brown,IT,Manager,68775,2018-12-30,1984-04-06,555-4321,jane.smith@example.com
40,Alice,Doe,Finance,Developer,98697,2016-06-26,1977-07-28,555-1234,bob.johnson@example.com
88,Alice,Doe,Marketing,Consultant,90656,2019-12-05,1974-08-04,555-1234,john.doe@example.com
47,John,Johnson,Sales,Manager,57209,2019-06-13,1987-09-11,555-3456,david.brown@example.com
89,Alice,Doe,HR,Coordinator,59690,2015-08-28,1970-10-21,555-4321,john.doe@example.com
82,John,Williams,Finance,Developer,92178,2020-04-19,1981-02-03,555-4321,alice.williams@example.com
38,David,Williams,Marketing,Coordinator,89855,2020-07-16,1983-08-24,555-5678,bob.johnson@example.com
26,Bob,Brown,Sales,Analyst,81398,2020-01-23,1992-02-27,555-1234,david.brown@example.com
78,Alice,Smith,HR,Manager,51344,2020-07-14,1998-11-25,555-1234,alice.williams@example.com
73,David,Brown,IT,Developer,66620,2020-04-22,1996-03-21,555-4321,bob.johnson@example.com
10,John,Williams,Sales,Developer,79334,2015-03-02,1991-04-10,555-3456,jane.smith@example.com
21,Bob,Williams,HR,Coordinator,88986,2015-01-25,1980-08-05,555-4321,john.doe@example.com
81,Alice,Williams,Finance,Consultant,67570,2015-06-10,1995-05-18,555-8765,alice.williams@example.com
70,Alice,Brown,Sales,Manager,89590,2018-11-07,1999-10-26,555-1234,john.doe@example.com
80,Jane,Johnson,Marketing,Developer,72165,2016-01-03,1980-05-24,555-1234,john.doe@example.com
48,Alice,Smith,IT,Developer,74354,2015-04-27,1984-10-07,555-5678,alice.williams@example.com
65,David,Johnson,Sales,Analyst,91333,2020-07-13,1994-03-08,555-3456,alice.williams@example.com
83,Alice,Johnson,Sales,Manager,94192,2020-07-19,1974-02-15,555-5678,david.brown@example.com
100,Alice,Smith,IT,Manager,75983,2015-01-17,1992-12-16,555-1234,bob.johnson@example.com
89,Jane,Williams,Finance,Developer,98428,2017-08-06,1989-10-01,555-3456,jane.smith@example.com
50,Jane,Williams,Marketing,Manager,50611,2017-03-25,1973-02-20,555-4321,bob.johnson@example.com
30,Jane,Brown,HR,Manager,73289,2020-02-20,1977-06-30,555-4321,jane.smith@example.com
20,Alice,Brown,Finance,Developer,97975,2015-06-22,1985-06-01,555-3456,jane.smith@example.com
20,Bob,Johnson,HR,Developer,53995,2018-02-17,1973-09-07,555-8765,david.brown@example.com
15,Bob,Smith,Marketing,Coordinator,96843,2019-05-11,1973-09-27,555-4321,bob.johnson@example.com
40,David,Smith,Finance,Coordinator,52352,2018-10-10,1976-10-18,555-5678,alice.williams@example.com
33,Alice,Doe,Sales,Coordinator,68058,2018-09-23,1996-02-16,555-4321,john.doe@example.com
66,Jane,Doe,Finance,Coordinator,96404,2016-03-08,1999-09-20,555-4321,david.brown@example.com
10,Bob,Johnson,HR,Manager,59489,2020-06-30,1989-05-16,555-8765,david.brown@example.com
58,Alice,Brown,Sales,Analyst,73299,2018-11-14,1998-01-03,555-4321,david.brown@example.com
33,Jane,Williams,IT,Developer,60525,2016-01-13,1993-10-03,555-5678,alice.williams@example.com
32,David,Williams,Finance,Developer,62902,2015-08-20,1976-01-09,555-5678,john.doe@example.com
75,Bob,Johnson,Finance,Consultant,84427,2017-01-07,1975-12-11,555-5678,jane.smith@example.com
24,Bob,Smith,Sales,Analyst,90094,2017-05-31,1975-11-01,555-1234,alice.williams@example.com
36,John,Doe,Finance,Analyst,71707,2017-09-21,1984-04-19,555-4321,bob.johnson@example.com
76,Jane,Brown,Sales,Developer,79122,2019-12-26,1970-03-31,555-4321,bob.johnson@example.com
56,John,Smith,IT,Analyst,57484,2020-10-17,1994-06-26,555-3456,alice.williams@example.com
29,David,Brown,Finance,Consultant,77271,2019-11-24,1978-09-21,555-8765,david.brown@example.com
35,John,Brown,HR,Manager,89603,2016-01-06,1992-11-08,555-1234,alice.williams@example.com
1,Alice,Johnson,Finance,Coordinator,56388,2018-10-30,1991-12-18,555-4321,john.doe@example.com
1,Bob,Doe,Sales,Consultant,93593,2019-05-04,1974-03-18,555-5678,jane.smith@example.com
37,John,Doe,Sales,Coordinator,94503,2018-01-28,1976-05-02,555-1234,jane.smith@example.com
54,John,Williams,HR,Developer,64272,2019-05-25,1975-02-17,555-1234,jane.smith@example.com
6,Jane,Smith,HR,Manager,79073,2020-06-08,1984-03-12,555-5678,jane.smith@example.com
39,Jane,Smith,Sales,Consultant,96760,2019-06-24,1976-04-14,555-3456,david.brown@example.com
18,John,Doe,Sales,Analyst,66627,2020-10-20,1986-04-22,555-4321,bob.johnson@example.com
80,Alice,Brown,Finance,Manager,85349,2015-05-10,1979-10-18,555-8765,bob.johnson@example.com
5,John,Williams,Sales,Consultant,80302,2015-07-19,1992-07-30,555-3456,alice.williams@example.com
43,Alice,Williams,HR,Manager,97002,2018-01-29,1973-08-09,555-8765,jane.smith@example.com
59,John,Brown,Finance,Developer,85983,2018-12-06,1992-06-25,555-8765,bob.johnson@example.com
32,David,Williams,Sales,Analyst,85568,2015-04-07,1972-10-04,555-4321,john.doe@example.com
2,David,Brown,IT,Coordinator,96865,2019-04-29,1980-05-09,555-1234,alice.williams@example.com
66,John,Williams,HR,Coordinator,72794,2018-08-18,1983-03-14,555-5678,david.brown@example.com
42,Jane,Doe,IT,Coordinator,68065,2015-04-11,1988-07-26,555-8765,bob.johnson@example.com
58,Alice,Williams,Finance,Consultant,64467,2015-12-03,1984-06-25,555-3456,jane.smith@example.com
36,David,Williams,HR,Manager,82329,2015-04-23,1970-07-28,555-4321,david.brown@example.com
12,Alice,Smith,Finance,Analyst,67181,2017-06-08,1977-05-28,555-4321,john.doe@example.com
47,Bob,Williams,Marketing,Analyst,73747,2016-01-08,1976-02-12,555-3456,john.doe@example.com
83,Jane,Brown,HR,Consultant,87328,2019-02-15,1998-04-20,555-8765,john.doe@example.com
92,Jane,Doe,Finance,Analyst,85042,2017-05-25,1976-05-15,555-8765,david.brown@example.com
1,Bob,Williams,IT,Analyst,61908,2015-12-08,1973-11-17,555-8765,bob.johnson@example.com
15,Jane,Doe,Finance,Manager,75021,2017-10-23,1983-06-28,555-3456,bob.johnson@example.com
100,David,Doe,Sales,Manager,80554,2018-02-06,1997-08-03,555-8765,jane.smith@example.com
54,Bob,Williams,Sales,Manager,75700,2015-09-01,1973-04-08,555-3456,david.brown@example.com
13,David,Smith,IT,Consultant,97238,2016-01-10,1997-07-16,555-4321,bob.johnson@example.com
43,David,Johnson,Finance,Consultant,94113,2017-05-13,1992-09-16,555-3456,alice.williams@example.com
85,Bob,Williams,HR,Consultant,68039,2015-03-07,1996-11-20,555-5678,jane.smith@example.com
76,Alice,Johnson,IT,Analyst,52422,2015-07-30,1975-11-27,555-1234,bob.johnson@example.com
69,Alice,Williams,Finance,Coordinator,56437,2018-02-09,1972-06-26,555-1234,alice.williams@example.com
7,Jane,Doe,Marketing,Analyst,97735,2020-03-18,1983-10-06,555-5678,jane.smith@example.com
69,Bob,Williams,Sales,Manager,67691,2017-03-12,1970-04-02,555-3456,john.doe@example.com
48,David,Johnson,IT,Coordinator,96670,2018-02-28,1975-01-16,555-1234,john.doe@example.com
4,Alice,Doe,Finance,Developer,99083,2016-06-23,1996-05-23,555-5678,alice.williams@example.com
77,Alice,Williams,Marketing,Coordinator,88486,2016-01-11,2000-06-02,555-8765,john.doe@example.com
53,Jane,Smith,Sales,Manager,51631,2017-04-19,1973-01-02,555-5678,alice.williams@example.com
79,Jane,Brown,Marketing,Manager,76632,2020-07-21,1975-02-24,555-1234,jane.smith@example.com
16,Jane,Williams,IT,Manager,69768,2018-12-14,1977-08-24,555-3456,bob.johnson@example.com
21,Jane,Smith,Finance,Manager,73325,2017-08-03,1995-11-07,555-3456,jane.smith@example.com
100,Bob,Johnson,Marketing,Developer,81388,2017-04-28,1983-03-08,555-3456,alice.williams@example.com
59,John,Smith,Marketing,Coordinator,58378,2015-07-04,1995-03-31,555-1234,david.brown@example.com
24,Alice,Brown,Marketing,Developer,53966,2015-11-16,1974-09-13,555-8765,david.brown@example.com
80,Jane,Smith,HR,Analyst,70433,2019-01-06,1980-09-16,555-3456,alice.williams@example.com
14,David,Williams,Marketing,Coordinator,55596,2017-06-20,1990-08-17,555-4321,john.doe@example.com
86,Alice,Smith,Finance,Analyst,74208,2020-01-18,1998-12-08,555-8765,alice.williams@example.com
49,Jane,Williams,Finance,Analyst,78616,2018-06-28,1979-02-16,555-5678,bob.johnson@example.com
50,Jane,Johnson,Finance,Analyst,72075,2016-07-27,1993-12-09,555-4321,jane.smith@example.com
70,Bob,Brown,Sales,Manager,95303,2020-09-24,1993-05-07,555-8765,alice.williams@example.com
42,John,Smith,Marketing,Coordinator,51004,2017-09-19,1971-10-25,555-1234,bob.johnson@example.com
36,John,Brown,IT,Consultant,71511,2019-05-18,1995-10-30,555-4321,david.brown@example.com
65,Bob,Smith,Sales,Coordinator,77532,2018-06-03,1983-09-21,555-8765,alice.williams@example.com
96,David,Brown,HR,Manager,96368,2018-09-18,1991-11-25,555-8765,john.doe@example.com
70,John,Smith,Finance,Coordinator,71227,2019-05-17,1994-08-12,555-8765,alice.williams@example.com
95,David,Johnson,HR,Manager,53293,2017-01-29,1997-05-12,555-8765,david.brown@example.com
1,Alice,Johnson,Sales,Coordinator,51064,2016-02-05,2000-06-25,555-3456,bob.johnson@example.com
51,Alice,Williams,HR,Coordinator,63312,2015-10-01,1987-02-04,555-4321,alice.williams@example.com
37,John,Smith,Sales,Analyst,97708,2018-09-02,2000-06-03,555-8765,alice.williams@example.com
35,John,Johnson,HR,Developer,81949,2019-08-17,1980-05-22,555-5678,john.doe@example.com
49,Alice,Johnson,Finance,Coordinator,63477,2018-03-12,1991-03-24,555-8765,alice.williams@example.com
94,Alice,Brown,Marketing,Consultant,86967,2017-05-27,1970-09-13,555-3456,jane.smith@example.com
4,John,Johnson,Finance,Developer,80642,2015-07-01,1992-01-01,555-4321,alice.williams@example.com
99,Alice,Johnson,Finance,Consultant,58686,2015-03-23,1988-07-15,555-4321,bob.johnson@example.com
43,John,Williams,Finance,Coordinator,57116,2015-01-29,1987-06-26,555-8765,jane.smith@example.com
78,Bob,Doe,Marketing,Manager,98825,2016-04-29,1996-02-01,555-8765,john.doe@example.com
22,Jane,Brown,Finance,Coordinator,91847,2016-05-13,1996-08-30,555-5678,bob.johnson@example.com
74,John,Johnson,Sales,Analyst,95029,2015-06-28,1984-10-14,555-4321,john.doe@example.com
1,David,Doe,HR,Manager,54080,2019-12-08,1984-12-24,555-4321,alice.williams@example.com
11,John,Doe,Marketing,Consultant,63444,2018-12-09,1974-08-05,555-4321,alice.williams@example.com
44,Alice,Johnson,IT,Coordinator,81337,2020-01-26,1983-11-19,555-1234,alice.williams@example.com
59,David,Williams,Sales,Coordinator,85364,2018-03-12,1981-05-14,555-4321,david.brown@example.com
24,David,Smith,Marketing,Manager,60706,2020-07-28,1986-11-02,555-4321,david.brown@example.com
60,Jane,Williams,HR,Coordinator,99317,2018-12-27,1993-07-18,555-5678,david.brown@example.com
3,John,Johnson,Marketing,Developer,58926,2016-09-24,1986-12-09,555-5678,jane.smith@example.com
99,Bob,Brown,Sales,Consultant,66757,2018-11-06,1985-09-14,555-3456,david.brown@example.com
63,David,Smith,Sales,Coordinator,73843,2017-12-16,1973-10-13,555-5678,alice.williams@example.com
36,David,Smith,IT,Coordinator,72448,2016-03-25,1996-11-03,555-4321,alice.williams@example.com
95,Bob,Johnson,Finance,Manager,96720,2020-03-11,1975-03-25,555-4321,john.doe@example.com
68,David,Johnson,HR,Analyst,69641,2020-12-31,1989-06-06,555-4321,bob.johnson@example.com
83,Alice,Brown,Sales,Consultant,72578,2016-09-23,1981-08-19,555-5678,bob.johnson@example.com
47,Bob,Williams,Sales,Developer,77361,2020-06-21,1979-05-03,555-8765,jane.smith@example.com
100,Alice,Brown,HR,Developer,92160,2019-04-15,1986-09-24,555-1234,bob.johnson@example.com
21,John,Johnson,Sales,Manager,78358,2020-09-30,1978-10-24,555-3456,jane.smith@example.com
82,John,Brown,IT,Developer,98764,2016-03-13,1984-12-18,555-8765,john.doe@example.com
51,John,Johnson,IT,Analyst,68931,2018-05-01,1974-04-15,555-1234,alice.williams@example.com
28,Alice,Smith,Finance,Coordinator,64244,2019-02-01,1990-06-06,555-5678,alice.williams@example.com
15,David,Brown,Marketing,Consultant,96179,2020-06-11,1978-03-13,555-3456,jane.smith@example.com
42,David,Doe,HR,Coordinator,79030,2018-06-19,1984-06-24,555-3456,david.brown@example.com
59,Bob,Smith,IT,Manager,71540,2015-12-04,1982-07-30,555-5678,john.doe@example.com
66,Bob,Doe,IT,Coordinator,78070,2019-05-28,1999-01-11,555-8765,alice.williams@example.com
37,David,Johnson,IT,Analyst,66419,2015-03-15,1990-03-28,555-1234,alice.williams@example.com
11,Jane,Doe,IT,Developer,71262,2017-01-10,1981-07-01,555-4321,john.doe@example.com
87,Alice,Williams,Finance,Consultant,99075,2018-12-10,1979-02-22,555-4321,jane.smith@example.com
44,Alice,Johnson,Sales,Analyst,99212,2015-12-31,1993-04-14,555-1234,david.brown@example.com
12,Alice,Doe,IT,Manager,63304,2017-01-09,1992-05-26,555-4321,jane.smith@example.com
3,Jane,Johnson,Finance,Consultant,57505,2018-12-11,1990-11-07,555-8765,john.doe@example.com
52,Bob,Williams,Marketing,Coordinator,62443,2018-07-18,1987-03-19,555-5678,bob.johnson@example.com
81,Bob,Doe,Sales,Manager,98259,2016-07-27,1996-01-09,555-4321,jane.smith@example.com
33,Alice,Doe,Marketing,Coordinator,70915,2016-02-21,1987-05-09,555-5678,bob.johnson@example.com
55,Bob,Smith,Sales,Analyst,53958,2016-02-17,1984-05-08,555-4321,john.doe@example.com
1,Alice,Doe,Sales,Analyst,84203,2015-06-21,1971-01-09,555-4321,bob.johnson@example.com
39,David,Doe,Sales,Manager,86068,2018-01-26,1972-04-13,555-3456,alice.williams@example.com
20,David,Johnson,Finance,Developer,58248,2015-06-28,1986-12-03,555-4321,bob.johnson@example.com
47,Bob,Williams,HR,Manager,56421,2020-11-26,1975-09-05,555-3456,david.brown@example.com
43,Jane,Brown,Marketing,Developer,79351,2020-02-08,1987-01-08,555-1234,david.brown@example.com
57,Bob,Williams,Sales,Manager,70202,2020-08-12,1978-02-16,555-4321,john.doe@example.com
61,John,Williams,Sales,Manager,90266,2017-02-24,1987-11-26,555-4321,david.brown@example.com
78,Alice,Doe,IT,Consultant,68973,2015-05-24,1988-03-30,555-4321,bob.johnson@example.com
31,John,Brown,IT,Developer,76865,2016-12-08,1972-08-06,555-3456,alice.williams@example.com
25,Bob,Brown,Finance,Developer,77549,2018-09-27,1976-11-09,555-4321,john.doe@example.com
3,David,Williams,Sales,Analyst,83725,2019-03-01,1984-08-22,555-8765,jane.smith@example.com
4,Alice,Johnson,Marketing,Coordinator,92554,2017-01-24,1976-03-07,555-1234,alice.williams@example.com
95,Bob,Brown,Marketing,Analyst,55912,2020-03-08,1973-03-21,555-5678,jane.smith@example.com
99,Jane,Brown,IT,Developer,70594,2018-05-19,1998-03-16,555-5678,john.doe@example.com
14,Bob,Williams,IT,Consultant,94304,2017-04-03,1985-09-28,555-3456,jane.smith@example.com
41,Jane,Smith,HR,Developer,56592,2017-11-16,1973-04-20,555-1234,alice.williams@example.com
73,David,Brown,Sales,Coordinator,70324,2017-01-30,1982-08-26,555-1234,david.brown@example.com
20,Jane,Williams,Sales,Coordinator,64971,2016-10-06,1985-03-12,555-5678,john.doe@example.com
96,John,Smith,IT,Manager,76637,2015-03-31,1985-03-14,555-3456,david.brown@example.com
73,John,Williams,IT,Consultant,83537,2017-11-16,1998-05-04,555-8765,david.brown@example.com
27,John,Williams,IT,Analyst,54354,2019-06-08,1994-04-16,555-1234,david.brown@example.com
67,John,Johnson,HR,Consultant,84626,2016-10-20,1985-10-28,555-5678,alice.williams@example.com
53,John,Doe,HR,Manager,93155,2018-11-08,1973-06-12,555-8765,bob.johnson@example.com
68,Jane,Smith,HR,Developer,60740,2019-02-25,1975-03-17,555-8765,david.brown@example.com
62,John,Doe,Sales,Coordinator,70218,2016-01-23,1983-10-22,555-8765,bob.johnson@example.com
15,Alice,Smith,HR,Developer,55580,2019-08-10,1978-03-07,555-4321,john.doe@example.com
97,Jane,Smith,Sales,Developer,53742,2015-07-25,1971-08-18,555-8765,jane.smith@example.com
5,David,Brown,IT,Manager,84343,2020-09-30,1974-01-26,555-8765,david.brown@example.com
68,Jane,Johnson,Sales,Analyst,82213,2016-07-15,1970-04-12,555-5678,bob.johnson@example.com
12,Bob,Johnson,Marketing,Developer,88477,2019-08-10,1999-01-25,555-3456,john.doe@example.com
87,David,Williams,Finance,Coordinator,85761,2020-10-14,1981-09-20,555-4321,alice.williams@example.com
78,John,Doe,IT,Coordinator,84074,2020-11-06,1988-09-17,555-5678,john.doe@example.com
76,John,Williams,Marketing,Analyst,95427,2015-06-15,1998-02-17,555-5678,alice.williams@example.com
57,Bob,Johnson,Finance,Analyst,53313,2016-03-10,1972-09-13,555-8765,jane.smith@example.com
17,John,Williams,Marketing,Manager,60497,2020-05-22,1993-11-11,555-4321,jane.smith@example.com
25,David,Johnson,Finance,Consultant,69876,2018-05-13,1977-04-22,555-3456,bob.johnson@example.com
30,David,Johnson,Finance,Coordinator,66138,2017-10-25,1978-10-17,555-3456,alice.williams@example.com
22,David,Smith,HR,Developer,59726,2017-10-05,1999-01-09,555-5678,alice.williams@example.com
26,Jane,Williams,Marketing,Manager,57452,2017-08-05,1987-12-22,555-4321,jane.smith@example.com
81,Jane,Smith,Marketing,Analyst,97810,2018-04-13,1980-11-10,555-5678,john.doe@example.com
61,David,Williams,IT,Developer,85548,2017-05-20,1978-11-24,555-5678,john.doe@example.com
62,Jane,Johnson,Sales,Consultant,89471,2018-11-22,1981-01-27,555-3456,bob.johnson@example.com
84,Jane,Johnson,Marketing,Analyst,64929,2016-12-27,1986-09-11,555-3456,jane.smith@example.com
34,Alice,Brown,Marketing,Consultant,79092,2018-07-19,1984-08-18,555-5678,jane.smith@example.com
33,Jane,Smith,IT,Consultant,81943,2017-09-01,1981-01-25,555-3456,david.brown@example.com
71,Alice,Doe,IT,Coordinator,75909,2018-05-12,1986-04-03,555-3456,bob.johnson@example.com
86,Alice,Williams,HR,Coordinator,92694,2016-04-24,1982-10-27,555-8765,jane.smith@example.com
20,David,Johnson,Finance,Developer,58248,2015-06-28,1986-12-03,555-4321,bob.johnson@example.com
83,Jane,Brown,HR,Consultant,87328,2019-02-15,1998-04-20,555-8765,john.doe@example.com
25,Bob,Brown,Finance,Developer,77549,2018-09-27,1976-11-09,555-4321,john.doe@example.com
2,David,Brown,IT,Coordinator,96865,2019-04-29,1980-05-09,555-1234,alice.williams@example.com
17,John,Williams,Marketing,Manager,60497,2020-05-22,1993-11-11,555-4321,jane.smith@example.com
81,Bob,Doe,Sales,Manager,98259,2016-07-27,1996-01-09,555-4321,jane.smith@example.com
96,John,Smith,IT,Manager,76637,2015-03-31,1985-03-14,555-3456,david.brown@example.com
73,David,Brown,IT,Developer,66620,2020-04-22,1996-03-21,555-4321,bob.johnson@example.com
44,Alice,Johnson,Sales,Analyst,99212,2015-12-31,1993-04-14,555-1234,david.brown@example.com
50,Jane,Williams,Marketing,Manager,50611,2017-03-25,1973-02-20,555-4321,bob.johnson@example.com
24,Alice,Brown,Marketing,Developer,53966,2015-11-16,1974-09-13,555-8765,david.brown@example.com
88,John,Doe,Marketing,Analyst,78782,2020-09-17,1979-05-17,555-4321,jane.smith@example.com
66,David,Brown,IT,Manager,68775,2018-12-30,1984-04-06,555-4321,jane.smith@example.com
37,David,Johnson,IT,Analyst,66419,2015-03-15,1990-03-28,555-1234,alice.williams@example.com
43,Alice,Williams,HR,Manager,97002,2018-01-29,1973-08-09,555-8765,jane.smith@example.com
48,David,Johnson,IT,Coordinator,96670,2018-02-28,1975-01-16,555-1234,john.doe@example.com
65,Bob,Smith,Sales,Coordinator,77532,2018-06-03,1983-09-21,555-8765,alice.williams@example.com
52,Bob,Williams,Marketing,Coordinator,62443,2018-07-18,1987-03-19,555-5678,bob.johnson@example.com
68,David,Johnson,HR,Analyst,69641,2020-12-31,1989-06-06,555-4321,bob.johnson@example.com
14,Bob,Williams,IT,Consultant,94304,2017-04-03,1985-09-28,555-3456,jane.smith@example.com
33,Jane,Smith,IT,Consultant,81943,2017-09-01,1981-01-25,555-3456,david.brown@example.com
54,Bob,Williams,Sales,Manager,75700,2015-09-01,1973-04-08,555-3456,david.brown@example.com
32,David,Williams,Sales,Analyst,85568,2015-04-07,1972-10-04,555-4321,john.doe@example.com
48,John,Smith,Sales,Consultant,57951,2018-03-27,1977-01-26,555-8765,john.doe@example.com
71,Alice,Doe,IT,Coordinator,75909,2018-05-12,1986-04-03,555-3456,bob.johnson@example.com
83,Alice,Johnson,Sales,Manager,94192,2020-07-19,1974-02-15,555-5678,david.brown@example.com
12,Bob,Johnson,Marketing,Developer,88477,2019-08-10,1999-01-25,555-3456,john.doe@example.com
100,David,Doe,Sales,Manager,80554,2018-02-06,1997-08-03,555-8765,jane.smith@example.com
44,Alice,Johnson,IT,Coordinator,81337,2020-01-26,1983-11-19,555-1234,alice.williams@example.com
77,Alice,Williams,Marketing,Coordinator,88486,2016-01-11,2000-06-02,555-8765,john.doe@example.com
58,Alice,Williams,Finance,Consultant,64467,2015-12-03,1984-06-25,555-3456,jane.smith@example.com
6,Jane,Smith,HR,Manager,79073,2020-06-08,1984-03-12,555-5678,jane.smith@example.com
5,David,Brown,IT,Manager,84343,2020-09-30,1974-01-26,555-8765,david.brown@example.com
29,David,Brown,Finance,Consultant,77271,2019-11-24,1978-09-21,555-8765,david.brown@example.com
80,Alice,Brown,Finance,Manager,85349,2015-05-10,1979-10-18,555-8765,bob.johnson@example.com
59,John,Brown,Finance,Developer,85983,2018-12-06,1992-06-25,555-8765,bob.johnson@example.com
37,John,Smith,Sales,Analyst,97708,2018-09-02,2000-06-03,555-8765,alice.williams@example.com
47,Bob,Williams,HR,Manager,56421,2020-11-26,1975-09-05,555-3456,david.brown@example.com
65,Jane,Smith,Finance,Manager,93005,2016-11-24,1989-12-05,555-8765,john.doe@example.com
4,Alice,Doe,Finance,Developer,99083,2016-06-23,1996-05-23,555-5678,alice.williams@example.com
33,Jane,Williams,IT,Developer,60525,2016-01-13,1993-10-03,555-5678,alice.williams@example.com
22,Jane,Brown,Finance,Coordinator,91847,2016-05-13,1996-08-30,555-5678,bob.johnson@example.com
100,Alice,Smith,IT,Manager,75983,2015-01-17,1992-12-16,555-1234,bob.johnson@example.com
38,David,Williams,Marketing,Coordinator,89855,2020-07-16,1983-08-24,555-5678,bob.johnson@example.com
4,John,Johnson,Finance,Developer,80642,2015-07-01,1992-01-01,555-4321,alice.williams@example.com
95,Bob,Brown,Marketing,Analyst,55912,2020-03-08,1973-03-21,555-5678,jane.smith@example.com
37,John,Doe,Sales,Coordinator,94503,2018-01-28,1976-05-02,555-1234,jane.smith@example.com
48,Alice,Smith,IT,Developer,74354,2015-04-27,1984-10-07,555-5678,alice.williams@example.com
99,Jane,Brown,IT,Developer,70594,2018-05-19,1998-03-16,555-5678,john.doe@example.com
30,David,Johnson,Finance,Coordinator,66138,2017-10-25,1978-10-17,555-3456,alice.williams@example.com
